[
   {
	   "question":"questionDesc1",
	   "options":["option1","option2","option3","option4"],
	   "answer":0
   },
   {
	   "question":"questionDesc2",
	   "options":["option1","option2","option3","option4"],
	   "answer":0
   },
   {
	   "question":"questionDesc3",
	   "options":["option1","option2","option3","option4"],
	   "answer":0
   },
   {
	   "question":"questionDesc4",
	   "options":["option1","option2","option3","option4"],
	   "answer":0
   },
   {
	   "question":"questionDesc5",
	   "options":["option1","option2","option3","option4"],
	   "answer":0
   },
   {
	   "question":"questionDesc6",
	   "options":["option1","option2","option3","option4"],
	   "answer":0
   }
]
